UNIQUE_ID,ACSTOTPOP,ACSIPOVBAS,MINORPCT,LOWINCOME,LOWINCPCT,LESSHS,LESSHSPCT,LINGISO,LINGISOPCT,UNDER5,UNDER5PCT,OVER64,OVER64PCT,PRE1960,PRE1960PCT,VULEOPCT,VULEO,DISPEO,DSLPM,CANCER,RESP,PTRAF,PWDIS,PNPL,PRMP,PTSDF,OZONE,PM25,D_LDPNT_2,D_DSLPM_2,D_CANCR_2,D_RESP_2,D_PTRAF_2,D_PWDIS_2,D_PNPL_2,D_PRMP_2,D_PTSDF_2,D_OZONE_2,D_PM25_2,P_MINORPCT,P_LWINCPCT,P_LESHSPCT,P_LNGISPCT,P_UNDR5PCT,P_OVR64PCT,P_LDPNT,P_VULEOPCT,P_DSLPM,P_CANCR,P_RESP,P_PTRAF,P_PWDIS,P_PNPL,P_PRMP,P_PTSDF,P_OZONE,P_PM25,P_LDPNT_D2,P_DSLPM_D2,P_CANCR_D2,P_RESP_D2,P_PTRAF_D2,P_PWDIS_D2,P_PNPL_D2,P_PRMP_D2,P_PTSDF_D2,P_OZONE_D2,P_PM25_D2
NLA_IA-10004,1004,0,0.089641434,0,0.183516484,0,0.088590604,0,0,0,0.02689243,0,0.227091633,0,0.499176277,0.136578959,0,0,0.114514628,16.37353358,0.20196197,1.409084117,0.000128008,0.010161304,0.187128827,0.065309162,41.26914118,6.902006466,-109.06635,-25.02060508,-3577.496822,-44.12720697,-307.8745299,-0.02796871,-2.220170203,-40.88627413,-14.26957212,-9017.004225,-1508.037717,53,29,67,66,14,81,60,33,0,1,1,12,55,3,12,25,4,1,23,65,54,56,71,35,70,72,61,46,50
NLA_WA-10004,698,0,0.028653295,0,0.285100287,0,0.105454545,0,0.003236246,0,0.075931232,0,0.173352436,0,0.695767196,0.156876791,0,0,0.073314851,21.34991761,0.331914673,NA,1.48E-07,0.017028832,2.059065543,0.024769607,44.78653072,10.33813753,-95.82967556,-10.09782937,-2940.57508,-45.71539973,NA,-2.03E-05,-2.345421601,-283.600009,-3.411577045,-6168.55571,-1423.896343,1,59,70,43,68,68,93,20,5,3,9,NA,59,5,93,1,85,83,9,67,60,59,NA,26,66,6,70,47,44
NLA_UT-10001,1584.26491,0,0.162422554,0,0.269412298,0,0.118537974,0,0.001892413,0,0.079188182,0,0.115583738,0,0.283739575,0.215917426,0,0,0.205727409,17.38784099,0.244966595,73.06595627,3.147130027,0.01745516,0.499643181,0.332305051,50.25455882,8.566073205,-59.28003826,-44.20006648,-3735.738132,-52.63051633,-16767.37968,-722.1704466,-3.789289331,-113.2770141,-75.12285032,-10797.07779,-1840.401367,47.3551765,54.48379215,76.51620785,54.06448235,48.6131059,63.1613804,78.2579294,50.80655295,20,14,16,18.41965885,79.00034905,18.8710353,50.42000789,38.806902,0,89,16.51620785,60.06448235,58.4193098,58.4193098,61.8062039,14.45137645,60.4193098,39.6124078,48.6448235,56.77413725,48.48379215
